Model,True Negatives,False Positives,False Negatives,True Positives,Accuracy,Precision,Recall,F1,ROC-AUC,Brier Score,CV_AUC_Mean,CV_AUC_Std,Baseline_Accuracy
Full Model,480,2,78,41,0.8668885191347754,0.9534883720930233,0.3445378151260504,0.5061728395061729,0.9410457128909656,0.0904194475873544,0.9293027925860755,0.005949686184873976,0.8019966722129783
Non-Partisan Model,482,0,99,20,0.8352745424292846,1.0,0.16806722689075632,0.28776978417266186,0.8883590780710624,0.114176,0.871302717302374,0.00724565610203392,0.8019966722129783
